accuracy, weighted precision, weighted recall, weighted f-measure, weighted fpr
0.900035198873636, 0.8997828079918394, 0.9000351988736359, 0.8989295355100274, 0.01114150005365146
